[{"id":"user-image-SakshamJoshi-bw-rounded-corner.png","publicUrl":"np://user.desktop.nicepage.com/Site_2772315892/images/SakshamJoshi-bw-rounded-corner.png","size":947812,"hash":"gJU92oFaKP+4HlVRAIdHVvqljoQ=","fileName":"SakshamJoshi-bw-rounded-corner.png","name":"SakshamJoshi-bw-rounded-corner","width":1024,"height":1024,"thumbnail":{"url":"np://user.desktop.nicepage.com/Site_2772315892/images/thumbnails/SakshamJoshi-bw-rounded-corner.png","width":250,"height":250},"folderId":null,"usages":["1437730610"]},{"id":"user-image-1077086.png","publicUrl":"np://user.desktop.nicepage.com/Site_2772315892/images/1077086.png","size":2433,"hash":"vR3qgHe6z/6d6rGRU5INMG4X0W4=","fileName":"1077086.png","name":"1077086","width":128,"height":128,"thumbnail":{"url":"np://user.desktop.nicepage.com/Site_2772315892/images/thumbnails/1077086.png","width":128,"height":128,"length":2433,"type":"png"},"folderId":null,"usages":["1437730610"]},{"id":"user-image-646135.png","publicUrl":"np://user.desktop.nicepage.com/Site_2772315892/images/646135.png","size":2316,"hash":"JEv838J6rQdgz7pcZnhU6sdhTWc=","fileName":"646135.png","name":"646135","width":128,"height":128,"thumbnail":{"url":"np://user.desktop.nicepage.com/Site_2772315892/images/thumbnails/646135.png","width":128,"height":128,"length":2316,"type":"png"},"folderId":null,"usages":["1437730610"]},{"id":"user-image-618.png","publicUrl":"np://user.desktop.nicepage.com/Site_2772315892/images/618.png","size":1337,"hash":"9wnazvYM9Gv9BXkDJast8uiKg68=","fileName":"618.png","name":"618","width":128,"height":128,"thumbnail":{"url":"np://user.desktop.nicepage.com/Site_2772315892/images/thumbnails/618.png","width":128,"height":128,"length":1337,"type":"png"},"folderId":null,"usages":["1437730610"]},{"id":"user-image-UTSAV-2-scaled.png","publicUrl":"np://user.desktop.nicepage.com/Site_2772315892/images/UTSAV-2-scaled.png","size":1725478,"hash":"an7eWqqStwwsqdAvSC8l6BXmzd4=","fileName":"UTSAV-2-scaled.png","name":"UTSAV-2-scaled","width":2560,"height":1440,"thumbnail":{"url":"np://user.desktop.nicepage.com/Site_2772315892/images/thumbnails/UTSAV-2-scaled.png","width":250,"height":141},"folderId":null,"usages":["70646198","1993809179","28143758","1437730610"]},{"id":"user-image-myutsav-full.png","publicUrl":"np://user.desktop.nicepage.com/Site_2772315892/images/myutsav-full.png","size":28261,"hash":"V7lpMM/+YWdeu4rKMb2KbtY+0TQ=","fileName":"myutsav-full.png","name":"myutsav-full","width":768,"height":176,"thumbnail":{"url":"np://user.desktop.nicepage.com/Site_2772315892/images/thumbnails/myutsav-full.png","width":250,"height":57},"folderId":null,"usages":[]},{"id":"user-image-UTSAV-logo-remove-bg.png","publicUrl":"np://user.desktop.nicepage.com/Site_2772315892/images/UTSAV-logo-remove-bg.png","size":1079355,"hash":"u3ZYsFnSplSORYnUNdi2a6VK7C0=","fileName":"UTSAV-logo-remove-bg.png","name":"UTSAV-logo-remove-bg","width":1000,"height":1000,"thumbnail":{"url":"np://user.desktop.nicepage.com/Site_2772315892/images/thumbnails/UTSAV-logo-remove-bg.png","width":250,"height":250},"folderId":null,"usages":["1993809179","70646198"]},{"id":"user-image-friends-doing-yoga-together-park_23-2149891878.jpg","publicUrl":"np://user.desktop.nicepage.com/Site_2772315892/images/friends-doing-yoga-together-park_23-2149891878.jpg","size":421159,"hash":"9Z0bEfDy9gvVT/xFep2mx4PMq0M=","fileName":"friends-doing-yoga-together-park_23-2149891878.jpg","name":"friends-doing-yoga-together-park_23-2149891878","width":1333,"height":2000,"thumbnail":{"url":"np://user.desktop.nicepage.com/Site_2772315892/images/thumbnails/friends-doing-yoga-together-park_23-2149891878.jpg","width":167,"height":250},"folderId":null,"originalUrl":"https://assets.nicepagecdn.com/d2cc3eaa/6551490/images/friends-doing-yoga-together-park_23-2149891878.jpg","usages":["28143758"]},{"id":"user-image-gdf-min.jpg","publicUrl":"np://user.desktop.nicepage.com/Site_2772315892/images/gdf-min.jpg","size":59364,"hash":"5Pd1tO8fO2dFGqyURxlQeThiLCU=","fileName":"gdf-min.jpg","name":"gdf-min","width":1856,"height":1080,"thumbnail":{"url":"np://user.desktop.nicepage.com/Site_2772315892/images/thumbnails/gdf-min.jpg","width":250,"height":145},"folderId":null,"originalUrl":"//images01.nicepagecdn.com/c461c07a441a5d220e8feb1a/44f0eeae6792570ea7bb93f3/gdf-min.jpg","usages":["70646198"]},{"id":"user-image-tgrdh-min.jpg","publicUrl":"np://user.desktop.nicepage.com/Site_2772315892/images/tgrdh-min.jpg","size":65091,"hash":"Zo1X2VAeQHuzP2HboK3jEl0Jfg0=","fileName":"tgrdh-min.jpg","name":"tgrdh-min","width":1080,"height":1080,"thumbnail":{"url":"np://user.desktop.nicepage.com/Site_2772315892/images/thumbnails/tgrdh-min.jpg","width":250,"height":250},"folderId":null,"originalUrl":"//images01.nicepage.com/c461c07a441a5d220e8feb1a/bad08872e773517cbdf67415/tgrdh-min.jpg","usages":["70646198"]},{"id":"user-image-favicon.ico","publicUrl":"np://user.desktop.nicepage.com/Site_2772315892/images/favicon.ico","size":15406,"hash":"wFXvS178MFSbmgTPwgPzUsl/clM=","fileName":"favicon.ico","name":"favicon","width":16,"height":16,"thumbnail":{"url":"np://user.desktop.nicepage.com/Site_2772315892/images/thumbnails/favicon.ico","width":16,"height":16,"images":[{"width":16,"height":16},{"width":32,"height":32},{"width":48,"height":48}],"length":15406,"type":"ico"},"folderId":null,"usages":[]}]