[{"id":97807985,"title":"Blog Template","order":1,"templateKey":"blog","customTemplate":false,"customTemplateFilename":null,"pageLinks":[],"dateCreated":"2025-10-17T14:02:09.284Z","dateUpdated":"2025-10-17T14:02:10.915Z","folderId":null,"pageName":"Blog Template","serverPageId":null,"sectionCount":1,"status":2,"backwardUrl":null},{"id":157100828,"title":"Post Template","order":2,"templateKey":"post","customTemplate":false,"customTemplateFilename":null,"pageLinks":[],"dateCreated":"2025-10-17T14:02:09.449Z","dateUpdated":"2025-10-17T14:02:10.915Z","folderId":null,"pageName":"Post Template","serverPageId":null,"sectionCount":1,"status":2,"backwardUrl":null},{"id":797218149,"title":"Product List Template","order":3,"templateKey":"products","customTemplate":false,"customTemplateFilename":null,"pageLinks":[],"dateCreated":"2025-10-17T14:02:09.591Z","dateUpdated":"2025-10-17T14:02:10.915Z","folderId":null,"pageName":"Product List Template","serverPageId":null,"sectionCount":1,"status":2,"backwardUrl":null},{"id":269208301,"title":"Product Details Template","order":4,"templateKey":"product","customTemplate":false,"customTemplateFilename":null,"pageLinks":[],"dateCreated":"2025-10-17T14:02:09.744Z","dateUpdated":"2025-10-17T14:02:10.916Z","folderId":null,"pageName":"Product Details Template","serverPageId":null,"sectionCount":1,"status":2,"backwardUrl":null},{"id":903628951,"title":"Shopping Cart Template","order":5,"templateKey":"cart","customTemplate":false,"customTemplateFilename":null,"pageLinks":[],"dateCreated":"2025-10-17T14:02:09.874Z","dateUpdated":"2025-10-17T14:02:10.916Z","folderId":null,"pageName":"Shopping Cart Template","serverPageId":null,"sectionCount":1,"status":2,"backwardUrl":null},{"id":309320640,"title":"Checkout Template","order":6,"templateKey":"checkout","customTemplate":false,"customTemplateFilename":null,"pageLinks":[],"dateCreated":"2025-10-17T14:02:10.037Z","dateUpdated":"2025-10-17T14:02:10.916Z","folderId":null,"pageName":"Checkout Template","serverPageId":null,"sectionCount":1,"status":2,"backwardUrl":null},{"id":5157803,"title":"Login Template","order":7,"templateKey":"login","customTemplate":false,"customTemplateFilename":null,"pageLinks":[],"dateCreated":"2025-10-17T14:02:10.132Z","dateUpdated":"2025-10-17T14:02:10.916Z","folderId":null,"pageName":"Login Template","serverPageId":null,"sectionCount":1,"status":2,"backwardUrl":null},{"id":59455943,"title":"Search Page Template","order":8,"templateKey":"Search","customTemplate":false,"customTemplateFilename":null,"pageLinks":[],"dateCreated":"2025-10-17T14:02:10.207Z","dateUpdated":"2025-10-17T14:02:10.916Z","folderId":null,"pageName":"Search Page Template","serverPageId":null,"sectionCount":1,"status":2,"backwardUrl":null},{"id":1512610253,"title":"Page Password Template","order":9,"templateKey":"password","customTemplate":false,"customTemplateFilename":null,"pageLinks":[],"dateCreated":"2025-10-17T14:02:10.292Z","dateUpdated":"2025-10-17T14:02:10.916Z","folderId":null,"pageName":"Page Password Template","serverPageId":null,"sectionCount":1,"status":2,"backwardUrl":null},{"id":97434550,"title":"404 Not Found Template","order":10,"templateKey":"404","customTemplate":false,"customTemplateFilename":null,"pageLinks":[],"dateCreated":"2025-10-17T14:02:10.363Z","dateUpdated":"2025-10-17T14:02:10.917Z","folderId":null,"pageName":"404 Not Found Template","serverPageId":null,"sectionCount":1,"status":2,"backwardUrl":null},{"id":15780885,"title":"Thank You Page Template","order":11,"templateKey":"ThankYou","customTemplate":false,"customTemplateFilename":null,"pageLinks":[],"dateCreated":"2025-10-17T14:02:10.436Z","dateUpdated":"2025-10-17T14:02:10.917Z","folderId":null,"pageName":"Thank You Page Template","serverPageId":null,"sectionCount":1,"status":2,"backwardUrl":null},{"id":70646198,"title":"Home","order":50,"templateKey":null,"customTemplate":false,"customTemplateFilename":null,"pageLinks":["28143758"],"dateCreated":"2025-10-17T14:02:11.579Z","dateUpdated":"2025-10-19T06:53:24.597Z","folderId":null,"pageName":"Home_70646198","serverPageId":null,"sectionCount":4,"status":2,"backwardUrl":null},{"id":1993809179,"title":"Contact","order":101,"templateKey":null,"customTemplate":false,"customTemplateFilename":null,"pageLinks":[],"dateCreated":"2025-10-17T14:02:10.523Z","dateUpdated":"2025-10-17T18:55:19.456Z","folderId":null,"pageName":"Contact_1993809179","serverPageId":null,"sectionCount":1,"status":2,"backwardUrl":null},{"id":28143758,"title":"Register","order":102,"templateKey":null,"customTemplate":false,"customTemplateFilename":null,"pageLinks":[],"dateCreated":"2025-10-17T14:47:11.194Z","dateUpdated":"2025-10-17T18:45:28.559Z","folderId":null,"pageName":"Register_28143758","serverPageId":null,"sectionCount":1,"status":2,"backwardUrl":null},{"id":1437730610,"title":"About","order":103,"templateKey":null,"customTemplate":false,"customTemplateFilename":null,"pageLinks":[],"dateCreated":"2025-10-19T06:52:32.924Z","dateUpdated":"2025-10-21T12:05:19.733Z","folderId":null,"pageName":"About_1437730610","serverPageId":null,"sectionCount":2,"status":2,"backwardUrl":null}]